,tenure,tenure,tenure,MonthlyCharges,MonthlyCharges,MonthlyCharges,TotalCharges,TotalCharges,TotalCharges
,mean,median,std,mean,median,std,mean,median,std
Churn,,,,,,,,,
No,37.56996521066873,38.0,24.11377669070408,61.26512369540008,64.42500000000001,31.092648119345313,2555.344141003293,1683.6,2329.456983560435
Yes,17.979133226324237,10.0,19.53112305451955,74.44133226324237,79.65,24.666053259397422,1531.7960941680042,703.55,1890.8229944644042
